{
  "saved_at": 1755258395.4324262,
  "model_path": "C:\\Users\\jcati\\Desktop\\Chinmay\\Extras\\Telecom-AI-Agent\\telecom_ai_platform\\models\\general_autoencoder.pkl",
  "training_config": {},
  "error_baseline": {
    "train_mean": 0.6185986399650574,
    "train_std": 2.626574993134545,
    "val_mean": 0.6056655645370483,
    "val_std": 1.4684821367273795,
    "hist": [
      20866,
      119,
      22,
      17,
      13,
      5,
      3,
      3,
      1,
      2,
      3,
      0,
      1,
      0,
      0,
      0,
      0,
      1,
      0,
      0,
      0,
      1,
      0,
      0,
      0,
      0,
      0,
      0,
      0,
      3
    ],
    "bins": [
      0.0806254968047142,
      4.843017224222422,
      9.605408951640129,
      14.367800679057837,
      19.130192406475544,
      23.89258413389325,
      28.65497586131096,
      33.417367588728666,
      38.179759316146374,
      42.94215104356408,
      47.70454277098179,
      52.466934498399496,
      57.2293262258172,
      61.99171795323491,
      66.75410968065262,
      71.51650140807033,
      76.27889313548803,
      81.04128486290574,
      85.80367659032345,
      90.56606831774116,
      95.32846004515886,
      100.09085177257657,
      104.85324349999428,
      109.61563522741199,
      114.37802695482969,
      119.1404186822474,
      123.90281040966511,
      128.66520213708282,
      133.42759386450052,
      138.18998559191823,
      142.95237731933594
    ],
    "threshold_mode": "percentile",
    "threshold_percentile": 90,
    "sigma_multiplier": 3.0,
    "target_anomaly_fraction": 0.05
  }
}